{"pytestee.adapters.cli.handlers.info_handler": 1751102454.2088423, "pytestee.domain.rules.comment.gwt_comment_pattern": 1751102454.2098422, "pytestee.domain.rules.logic": 1751102454.2098422, "pytestee.adapters.cli.handlers.base_handler": 1751102454.2088423, "pytestee.adapters.cli.handlers.show_config_handler": 1751102454.2088423, "pytestee.usecases": 1751102454.2108424, "pytestee.domain.rules": 1751102454.2098422, "pytestee.domain": 1751102454.2098422, "pytestee.adapters.cli.commands": 1751102454.2088423, "pytestee.domain.rules.vulnerability.ptvl002": 1751102454.2108424, "pytestee.domain.interfaces": 1751102454.2098422, "pytestee.domain.models": 1751102454.2098422, "pytestee.domain.rules.comment.aaa_or_gwt_pattern": 1751102454.2098422, "pytestee.adapters.presenters.achievement_rate_presenter": 1751102454.2088423, "pytestee.domain.rules.structure": 1751102454.2108424, "pytestee.adapters.cli.handlers": 1751102454.2088423, "pytestee.domain.analyzers": 1751102454.2098422, "pytestee.usecases.check_quality": 1751102454.2118423, "pytestee.adapters.repositories.file_repository": 1751102454.2098422, "pytestee.domain.rules.comment": 1751102454.2098422, "pytestee.domain.rules.assertion.too_few_assertions": 1751102454.2098422, "pytestee.adapters.cli.services.output_service": 1751102454.2088423, "pytestee.adapters.cli.services": 1751102454.2088423, "pytestee.usecases.analyze_tests": 1751102454.2118423, "pytestee": 1751102454.2088423, "pytestee.main": 1751102454.2108424, "pytestee.domain.rules.naming": 1751102454.2098422, "pytestee.domain.rules.assertion.too_many_assertions": 1751102454.2098422, "pytestee.adapters.presenters": 1751102454.2088423, "pytestee.adapters.cli.handlers.list_checkers_handler": 1751102454.2088423, "pytestee.domain.rules.assertion.high_assertion_density": 1751102454.2098422, "pytestee.domain.rules.naming.japanese_class_names": 1751102454.2108424, "pytestee.domain.rules.vulnerability": 1751102454.2108424, "pytestee.domain.analyzers.assertion_analyzer": 1751102454.2098422, "pytestee.adapters.repositories": 1751102454.2088423, "pytestee.infrastructure.config.settings": 1751102454.2108424, "pytestee.domain.rules.structure.structural_pattern": 1751102454.2108424, "pytestee.domain.rules.logic.logical_flow_pattern": 1751102454.2098422, "pytestee.domain.rules.assertion": 1751102454.2098422, "pytestee.domain.rules.vulnerability.ptvl005": 1751102454.2108424, "pytestee.adapters": 1751102454.2088423, "pytestee.adapters.presenters.console_presenter": 1751102454.2088423, "pytestee.infrastructure": 1751102454.2108424, "pytestee.domain.rules.vulnerability.ptvl003": 1751102454.2108424, "pytestee.domain.rules.assertion.no_assertions": 1751102454.2098422, "pytestee.domain.rules.naming.japanese_characters": 1751102454.2108424, "pytestee.infrastructure.config": 1751102454.2108424, "pytestee.domain.rules.vulnerability.ptvl001": 1751102454.2108424, "pytestee.domain.rules.assertion.assertion_count_ok": 1751102454.2098422, "pytestee.adapters.cli.handlers.check_handler": 1751102454.2088423, "pytestee.adapters.cli.handlers.achievement_rate_handler": 1751102454.2088423, "pytestee.domain.rules.comment.aaa_comment_pattern": 1751102454.2098422, "pytestee.infrastructure.errors": 1751102454.2108424, "pytestee.adapters.cli": 1751102454.2088423, "pytestee.registry": 1751102454.2108424, "pytestee.domain.analyzers.pattern_analyzer": 1751102454.2098422, "pytestee.domain.rules.naming.test_class_method_count": 1751102454.2108424, "pytestee.infrastructure.ast_parser": 1751102454.2108424, "pytestee.domain.rules.rule_validator": 1751102454.2108424, "pytestee.usecases.calculate_achievement_rate": 1751102454.2118423, "pytestee.domain.rules.vulnerability.ptvl004": 1751102454.2108424, "pytestee.domain.rules.base_rule": 1751102454.2098422}
